الكلمة المفتاحية,النية,الصفحة المستهدفة,الدولة/المدينة,الجهاز,الموضع الحالي,مرات الظهور,النقرات,CTR,الهدف الشهري,الإجراء التالي
معدات سلامة في الأردن,شراء,https://www.agsco.shop/products.html,الأردن,جميع الأجهزة,,,,,10,تحسين صفحة الفئة
معدات السلامة المهنية عمان,شراء محلي,https://www.agsco.shop/products.html,عمان,جوال,,,,,10,إضافة محتوى محلي وروابط داخلية
طفايات حريق الأردن,شراء,https://www.agsco.shop/products.html,الأردن,جميع الأجهزة,,,,,10,إنشاء صفحة فئة متخصصة
أنظمة إنذار حريق عمان,شراء وخدمة,https://www.agsco.shop/services.html,عمان,جوال,,,,,10,إضافة قسم تركيب وصيانة
أجهزة قياس بيئة العمل,شراء,https://www.agsco.shop/products.html,الأردن,جميع الأجهزة,,,,,10,توسيع فئة أجهزة القياس
فحص بيئة العمل الأردن,خدمة,https://www.agsco.shop/services.html,الأردن,جميع الأجهزة,,,,,5,تحسين شرح الخدمة والأسئلة الشائعة
قياس الضوضاء في المصانع,خدمة,https://www.agsco.shop/services.html,الأردن,جوال,,,,,5,إضافة صفحة/قسم مستقل
جهاز قياس الغازات الأردن,شراء,https://www.agsco.shop/products.html,الأردن,جميع الأجهزة,,,,,10,إضافة منتجات ووصف أصلي
صيانة طفايات الحريق,خدمة,https://www.agsco.shop/services.html,الأردن,جميع الأجهزة,,,,,10,إضافة تفاصيل الخدمة ومناطق التغطية
AGS Technology,علامة تجارية,https://www.agsco.shop/,الأردن,جميع الأجهزة,,,,,1,الحفاظ على بيانات الشركة والروابط الرسمية
شركة الدقة للسلامة العامة,علامة تجارية محلية,https://www.agsco.shop/about.html,الأردن,جميع الأجهزة,,,,,1,تعزيز صفحة الشركة والملف التجاري
شركة المنار لأجهزة الإطفاء والإنذار,علامة تجارية محلية,https://www.agsco.shop/about.html,الأردن,جميع الأجهزة,,,,,1,توحيد الاسم في المحتوى والبيانات الرسمية
